Division,State,Party,Primary Vote,Name,Gender
Bean,ACT,UAPP,0.027944210287338737,Sean Conway,MANUAL
Bean,ACT,ON,0.026453720794796118,Benjamin Ambard,MANUAL
Bean,ACT,ALP,0.40529469247549577,David Smith,MANUAL
Bean,ACT,GRN,0.14370885113859577,Kathryn jane Savery,MANUAL
Bean,ACT,LP,0.2886318096121766,Jane Hiatt,MANUAL
Canberra,ACT,UAPP,0.017948717948717947,Catherine Smith,MANUAL
Canberra,ACT,ON,0.01628896691137355,James Miles,MANUAL
Canberra,ACT,LP,0.2138738163634429,Slade Minson,MANUAL
Canberra,ACT,GRN,0.24252580061708692,Tim Hollo,MANUAL
Canberra,ACT,ALP,0.4408447707202894,Alicia Payne,MANUAL
Fenner,ACT,ALP,0.4700790926727354,Andrew Leigh,MANUAL
Fenner,ACT,LP,0.2709190525934296,Nathan Kuster,MANUAL
Fenner,ACT,UAPP,0.025006928603406742,Timothy peter Elton,MANUAL
Fenner,ACT,ON,0.025785064062933037,Lucia Grant,MANUAL
Fenner,ACT,GRN,0.16302470846568742,Natasa Sojic,MANUAL
Banks,NSW,LP,0.42215122470713523,David Coleman,MANUAL
Banks,NSW,UAPP,0.05119935087986206,Marika Momircevski,MANUAL
Banks,NSW,GRN,0.08177899487803642,Natalie Hanna,MANUAL
Banks,NSW,ON,0.02665449566408033,Malcolm phillip Heffernan,MANUAL
Banks,NSW,ALP,0.32921547745828894,Zhi Soon,MANUAL
Barton,NSW,ALP,0.4665953063779941,Linda Burney,MANUAL
Barton,NSW,UAPP,0.056660742416286304,Dimitri Honos,MANUAL
Barton,NSW,GRN,0.11553298057115159,Taylor Vandijk,MANUAL
Barton,NSW,LP,0.2422749121460597,John Goody,MANUAL
Barton,NSW,ON,0.044159227693177684,Phillip Pollard,MANUAL
Bennelong,NSW,GRN,0.10772561402181928,Tony Adams,MANUAL
Bennelong,NSW,LP,0.38955170262247346,Simon Kennedy,MANUAL
Bennelong,NSW,UAPP,0.027557715214884003,Rhys ian Collyer,MANUAL
Bennelong,NSW,ON,0.015731059388530696,Victor Waterson,MANUAL
Bennelong,NSW,ALP,0.35542362305961545,Jerome Laxale,MANUAL
Berowra,NSW,GRN,0.14625360955437725,Tania Salitra,MANUAL
Berowra,NSW,ON,0.029902705530793147,Rhiannon Bosma,MANUAL
Berowra,NSW,LP,0.46078539878658603,Julian Leeser,MANUAL
Berowra,NSW,ALP,0.2087353731298232,Benson Koschinski,MANUAL
Berowra,NSW,UAPP,0.02329231605107205,Christopher Martinic,MANUAL
Blaxland,NSW,ON,0.04828475005733882,Adam Stepanoff,MANUAL
Blaxland,NSW,LP,0.2409213529777962,Oz Guney,MANUAL
Blaxland,NSW,GRN,0.056650757418551564,Linda Eisler,MANUAL
Blaxland,NSW,ALP,0.4904380686099977,Jason Clare,MANUAL
Blaxland,NSW,UAPP,0.05575517960703793,Elvis Sinosic,MANUAL
Bradfield,NSW,ALP,0.16848086124401915,David gordon Brigden,MANUAL
Bradfield,NSW,GRN,0.08931419457735247,Martin Cousins,MANUAL
Bradfield,NSW,UAPP,0.024880382775119617,Rob Fletcher,MANUAL
Bradfield,NSW,LP,0.4342304625199362,Paul Fletcher,MANUAL
Bradfield,NSW,ON,0.01562998405103668,Michael Lowe,MANUAL
Calare,NSW,ON,0.08102957754039401,Stacey Whittaker,MANUAL
Calare,NSW,GRN,0.04375794012918926,Kay Nankervis,MANUAL
Calare,NSW,ALP,0.1454005403761161,Sarah Elliott,MANUAL
Calare,NSW,NP,0.45771825290317963,Andrew Gee,MANUAL
Calare,NSW,UAPP,0.03638592159178342,Adam john Jannis,MANUAL
Chifley,NSW,ON,0.05657228576786049,Amit Batish,MANUAL
Chifley,NSW,UAPP,0.048274892180761295,Zvetanka Raskov,MANUAL
Chifley,NSW,GRN,0.052709544346521656,Sujan Selventhiran,MANUAL
Chifley,NSW,LP,0.22544534033377087,Jugandeep Singh,MANUAL
Chifley,NSW,ALP,0.48036752297018565,Ed Husic,MANUAL
Cook,NSW,ON,0.04872208376093437,Gaye Cameron,MANUAL
Cook,NSW,GRN,0.09465865220153448,Catherine Dyson,MANUAL
Cook,NSW,LP,0.5309289937936764,Scott Morrison,MANUAL
Cook,NSW,UAPP,0.04281874602941895,Jacqueline Guinane,MANUAL
Cook,NSW,ALP,0.2389092508429849,Simon Earle,MANUAL
Cowper,NSW,ON,0.07732082115447071,Faye Aspiotis,MANUAL
Cowper,NSW,ALP,0.13303591268823822,Keith Mcmullen,MANUAL
Cowper,NSW,NP,0.375271353605798,Pat Conaghan,MANUAL
Cowper,NSW,UAPP,0.022853528878860913,Joshua stephen Fairhall,MANUAL
Cowper,NSW,GRN,0.05570654496350615,Timothy Nott,MANUAL
Cunningham,NSW,LP,0.23714139105285253,Marcus Uren,MANUAL
Cunningham,NSW,UAPP,0.04605121985352428,Ben Britton,MANUAL
Cunningham,NSW,ALP,0.3804916732751784,Alison Byrnes,MANUAL
Cunningham,NSW,GRN,0.20535522694406866,Dylan Green,MANUAL
Cunningham,NSW,ON,0.04868218500723049,Thomas Grogan,MANUAL
Dobell,NSW,UAPP,0.03580035068965841,Dean james Mackin,MANUAL
Dobell,NSW,LP,0.32139675752716906,Michael Feneley,MANUAL
Dobell,NSW,GRN,0.0815775408590959,Cath Connor,MANUAL
Dobell,NSW,ON,0.07110373475109473,Martin Stevenson,MANUAL
Dobell,NSW,ALP,0.4087784935347455,Emma Mcbride,MANUAL
Eden-Monaro,NSW,ALP,0.3979281767955801,Kristy Mcbain,MANUAL
Eden-Monaro,NSW,UAPP,0.023627992633517496,Darren scott Garnon,MANUAL
Eden-Monaro,NSW,LP,0.30865561694290977,Jerry Nockles,MANUAL
Eden-Monaro,NSW,GRN,0.08633517495395948,Vivian Harris,MANUAL
Eden-Monaro,NSW,ON,0.04006445672191528,Boyd Shannon,MANUAL
Farrer,NSW,GRN,0.08418934563295907,Eli Davern,MANUAL
Farrer,NSW,LP,0.4829746963376762,Sussan Ley,MANUAL
Farrer,NSW,ON,0.058463036806997555,Richard Francis,MANUAL
Farrer,NSW,UAPP,0.03004465352174792,Julie Ramos,MANUAL
Farrer,NSW,ALP,0.1754626141604954,Darren michael Cameron,MANUAL
Fowler,NSW,ALP,0.3226320559160842,Kristina Keneally,MANUAL
Fowler,NSW,UAPP,0.05741606858261893,Lela lepa Panich,MANUAL
Fowler,NSW,LP,0.15354006729096573,Courtney Nguyen,MANUAL
Fowler,NSW,ON,0.03173925271611754,Tony Margos,MANUAL
Fowler,NSW,GRN,0.04365579525213279,Avery Howard,MANUAL
Gilmore,NSW,LP,0.4016342245989305,Andrew Constance,MANUAL
Gilmore,NSW,GRN,0.0976855614973262,Carmel Mccallum,MANUAL
Gilmore,NSW,UAPP,0.026592513368983956,Jordan lindsay Maloney,MANUAL
Gilmore,NSW,ON,0.03810053475935829,Jerremy Eid,MANUAL
Gilmore,NSW,ALP,0.3437433155080214,Fiona Phillips,MANUAL
Grayndler,NSW,UAPP,0.02121022451946374,David bruce Smith,MANUAL
Grayndler,NSW,ALP,0.5120638830560491,Anthony Albanese,MANUAL
Grayndler,NSW,LP,0.15255007268615733,Ben Zhang,MANUAL
Grayndler,NSW,ON,0.01462808916168632,Paul Henselin,MANUAL
Grayndler,NSW,GRN,0.21044661605556453,Rachael Jacobs,MANUAL
Greenway,NSW,UAPP,0.039794409246106374,Mark andrew Rex,MANUAL
Greenway,NSW,ALP,0.4432343113805255,Michelle Rowland,MANUAL
Greenway,NSW,ON,0.02474027278204824,Rick Turner,MANUAL
Greenway,NSW,LP,0.2732567693403202,Pradeep Pathi,MANUAL
Greenway,NSW,GRN,0.06468987931128924,Damien Atkins,MANUAL
Hughes,NSW,LP,0.4160875059232349,Jenny Ware,MANUAL
Hughes,NSW,GRN,0.06039725161901753,Pete Thompson,MANUAL
Hughes,NSW,UAPP,0.0709406096983099,Craig Kelly,MANUAL
Hughes,NSW,ON,0.02566735112936345,Narelle Seymour,MANUAL
Hughes,NSW,ALP,0.21548728478913284,Riley Campbell,MANUAL
Hume,NSW,ALP,0.1849612595521356,Greg Baines,MANUAL
Hume,NSW,UAPP,0.04237513519263843,Garry trevor Dollin,MANUAL
Hume,NSW,ON,0.0682612010425347,Rebecca Thompson,MANUAL
Hume,NSW,GRN,0.04604528288505523,Karen Stewart,MANUAL
Hume,NSW,LP,0.40049821811670006,Angus Taylor,MANUAL
Hunter,NSW,GRN,0.08198717289158693,Janet Murray,MANUAL
Hunter,NSW,ALP,0.3559522584628048,Dan Repacholi,MANUAL
Hunter,NSW,UAPP,0.037469561340329936,Geoff Passfield,MANUAL
Hunter,NSW,NP,0.25328394553623484,James Thomson,MANUAL
Hunter,NSW,ON,0.09225057447611208,Dale Mcnamara,MANUAL
Kingsford Smith,NSW,GRN,0.16073423626492092,Stuart Davis,MANUAL
Kingsford Smith,NSW,ON,0.0299006252572571,Darrin Marr,MANUAL
Kingsford Smith,NSW,UAPP,0.03320331641153296,Anthony Tawaf,MANUAL
Kingsford Smith,NSW,LP,0.27371175444442264,Grace Tan,MANUAL
Kingsford Smith,NSW,ALP,0.45764323095317433,Matt Thistlethwaite,MANUAL
Lindsay,NSW,ALP,0.29521692745376954,Trevor Ross,MANUAL
Lindsay,NSW,GRN,0.07471550497866287,Pieter Morssink,MANUAL
Lindsay,NSW,ON,0.055147581792318635,Max Jago,MANUAL
Lindsay,NSW,UAPP,0.0379800853485064,Joseph O'connor,MANUAL
Lindsay,NSW,LP,0.4350906827880512,Melissa Mcintosh,MANUAL
Lyne,NSW,UAPP,0.03850676328923187,Joel Putland,MANUAL
Lyne,NSW,NP,0.4064157615559485,David Gillespie,MANUAL
Lyne,NSW,ALP,0.20053827594916862,Alex Simpson,MANUAL
Lyne,NSW,ON,0.07405213786135474,Josephine Cashman,MANUAL
Lyne,NSW,GRN,0.07335534051615264,Karl Attenborough,MANUAL
Macarthur,NSW,GRN,0.0716689070157715,Jayden Rivera,MANUAL
Macarthur,NSW,LP,0.28275988745376673,Binod Paudel,MANUAL
Macarthur,NSW,ALP,0.42581383116395183,Mike Freelander,MANUAL
Macarthur,NSW,UAPP,0.055120937106025565,Rosa antonia Sicari,MANUAL
Macarthur,NSW,ON,0.07410685212860996,Adam Zahra,MANUAL
Mackellar,NSW,ON,0.025506682867557716,Darren Dickson,MANUAL
Mackellar,NSW,ALP,0.07933900364520048,Paula Goodman,MANUAL
Mackellar,NSW,LP,0.39847387606318346,Jason Falinski,MANUAL
Mackellar,NSW,UAPP,0.0280048602673147,Christopher thomas Ball,MANUAL
Mackellar,NSW,GRN,0.05863426488456865,Ethan Hrnjak,MANUAL
Macquarie,NSW,ON,0.04928043601499796,Tony Pettitt,MANUAL
Macquarie,NSW,ALP,0.40801814076998816,Susan Templeman,MANUAL
Macquarie,NSW,UAPP,0.027589087690333875,Nicole Evans,MANUAL
Macquarie,NSW,GRN,0.09065412195291754,Tony Hickey,MANUAL
Macquarie,NSW,LP,0.32800580822898745,Sarah Richards,MANUAL
McMahon,NSW,ALP,0.42887583202354457,Chris Bowen,MANUAL
McMahon,NSW,UAPP,0.0814671040833764,Marie Saliba,MANUAL
McMahon,NSW,ON,0.04865030221837783,Scott Ford,MANUAL
McMahon,NSW,LP,0.2532305193092754,Vivek Singha,MANUAL
McMahon,NSW,GRN,0.0519203789069505,Astrid O'neill,MANUAL
Mitchell,NSW,UAPP,0.03465364057909454,Linda Daniel,MANUAL
Mitchell,NSW,GRN,0.11323492973700046,Matt Cox,MANUAL
Mitchell,NSW,ALP,0.24421259424445152,Immanuel Selvaraj,MANUAL
Mitchell,NSW,ON,0.028830837846447913,Donald Mckenzie,MANUAL
Mitchell,NSW,LP,0.5036812856182082,Alex Hawke,MANUAL
New England,NSW,UAPP,0.02452633810689436,Cindy anne Duncan,MANUAL
New England,NSW,NP,0.4918374033883931,Barnaby Joyce,MANUAL
New England,NSW,ON,0.04404140084420716,Richard Thomas,MANUAL
New England,NSW,GRN,0.07250929977063778,Carol Sparks,MANUAL
New England,NSW,ALP,0.1740069001407012,Laura Hughes,MANUAL
Newcastle,NSW,GRN,0.18980880311646442,Charlotte Mccabe,MANUAL
Newcastle,NSW,UAPP,0.022540634934849774,Amanda Cook,MANUAL
Newcastle,NSW,ALP,0.41688084896789507,Sharon Claydon,MANUAL
Newcastle,NSW,LP,0.23119151032104956,Katrina Wark,MANUAL
Newcastle,NSW,ON,0.04260063583038553,Mark james Watson,MANUAL
North Sydney,NSW,UAPP,0.016918322641214206,Robert Nalbandian,MANUAL
North Sydney,NSW,GRN,0.08124706618682523,Heather Armstrong,MANUAL
North Sydney,NSW,LP,0.3614066656235331,Trent Zimmerman,MANUAL
North Sydney,NSW,ON,0.011236504459396026,Michael Walls,MANUAL
North Sydney,NSW,ALP,0.20375332498826473,Catherine Renshaw,MANUAL
Page,NSW,ON,0.05000533769838446,Donna Pike,MANUAL
Page,NSW,GRN,0.0788467013023984,Kashmir Miller,MANUAL
Page,NSW,ALP,0.17375097857803715,Patrick Deegan,MANUAL
Page,NSW,UAPP,0.021626574621023416,Ian Williamson,MANUAL
Page,NSW,NP,0.4243559177282756,Kevin Hogan,MANUAL
Parkes,NSW,ON,0.06903555403570948,Deborah Swinbourn,MANUAL
Parkes,NSW,NP,0.45523880581548376,Mark Coulton,MANUAL
Parkes,NSW,UAPP,0.024580056165221086,Petrus Van der steen,MANUAL
Parkes,NSW,ALP,0.18661982777380545,Jack Ayoub,MANUAL
Parkes,NSW,GRN,0.04366794126485736,Trish Frail,MANUAL
Parramatta,NSW,LP,0.31874972979983573,Maria Kovacic,MANUAL
Parramatta,NSW,ON,0.021734901214819937,Heather Freeman,MANUAL
Parramatta,NSW,UAPP,0.046139380052743074,Julian Fayad,MANUAL
Parramatta,NSW,GRN,0.08155721758678829,Phil Bradley,MANUAL
Parramatta,NSW,ALP,0.37026068911849896,Andrew Charlton,MANUAL
Paterson,NSW,ON,0.07736290249283218,Neil Turner,MANUAL
Paterson,NSW,LP,0.34820329347996726,Brooke Vitnell,MANUAL
Paterson,NSW,ALP,0.3860708767465111,Meryl Swanson,MANUAL
Paterson,NSW,GRN,0.07169474580052385,Louise Ihlein,MANUAL
Paterson,NSW,UAPP,0.03696695778627909,Jason mark Olbourne,MANUAL
Reid,NSW,ALP,0.3890967397113843,Sally Sitou,MANUAL
Reid,NSW,ON,0.019059708330151942,Edward Walters,MANUAL
Reid,NSW,LP,0.3543368710391693,Fiona Martin,MANUAL
Reid,NSW,UAPP,0.024146751164388792,Jamal Daoud,MANUAL
Reid,NSW,GRN,0.08765366114377339,Charles Jago,MANUAL
Richmond,NSW,ALP,0.26801171554361614,Justine Elliot,MANUAL
Richmond,NSW,NP,0.21732519961196925,Kimberly Hone,MANUAL
Richmond,NSW,ON,0.03799156779344825,Tracey Bell-henselin,MANUAL
Richmond,NSW,GRN,0.23520632788597867,Mandy Nolan,MANUAL
Richmond,NSW,UAPP,0.027255428699350794,Robert james Marks,MANUAL
Riverina,NSW,ON,0.07554152811437374,Richard Orchard,MANUAL
Riverina,NSW,ALP,0.18968043735557685,Mark Jeffreson,MANUAL
Riverina,NSW,UAPP,0.02428187642074809,Daniel Martelozzo,MANUAL
Riverina,NSW,NP,0.4316350109902497,Michael Mccormack,MANUAL
Riverina,NSW,GRN,0.05963854289954724,Michael Organ,MANUAL
Robertson,NSW,ALP,0.35352835564575935,Gordon Reid,MANUAL
Robertson,NSW,LP,0.37516100074157915,Lucy Wicks,MANUAL
Robertson,NSW,UAPP,0.027243276999336482,Barbara-jane Murray,MANUAL
Robertson,NSW,ON,0.03589828656180477,Billy O'grady,MANUAL
Robertson,NSW,GRN,0.09408297880644784,Shelly Mcgrath,MANUAL
Shortland,NSW,LP,0.30173463462150873,Nell Mcgill,MANUAL
Shortland,NSW,ALP,0.37591555364067214,Pat Conroy,MANUAL
Shortland,NSW,UAPP,0.029269617668546168,Kenneth john Maxwell,MANUAL
Shortland,NSW,GRN,0.0928198115504936,Kim Grierson,MANUAL
Shortland,NSW,ON,0.05991607815222075,Quintin King,MANUAL
Sydney,NSW,ALP,0.4915403661464586,Tanya Plibersek,MANUAL
Sydney,NSW,ON,0.017716461584633855,Ben Ferguson,MANUAL
Sydney,NSW,GRN,0.2225765306122449,Chetan Sahai,MANUAL
Sydney,NSW,UAPP,0.021552370948379352,Ryan Mcalister,MANUAL
Sydney,NSW,LP,0.19016356542617047,Alexander Andruska,MANUAL
Warringah,NSW,ON,0.020590039828208354,Steven Tripp,MANUAL
Warringah,NSW,UAPP,0.02289862005137111,Andrew colin Robertson,MANUAL
Warringah,NSW,GRN,0.0718571591984443,Kristyn Glanville,MANUAL
Warringah,NSW,LP,0.32371078273348375,Katherine Deves,MANUAL
Warringah,NSW,ALP,0.0811746721712093,David Mickleburgh,MANUAL
Watson,NSW,LP,0.2396390515099187,Sazeda Akter,MANUAL
Watson,NSW,UAPP,0.06450322200227436,John Koukoulis,MANUAL
Watson,NSW,ALP,0.46818009518594955,Tony Burke,MANUAL
Watson,NSW,ON,0.04399191340605652,Alan Jorgensen,MANUAL
Watson,NSW,GRN,0.08634123741734406,Bradley Schott,MANUAL
Wentworth,NSW,ALP,0.10585526315789473,Tim Murray,MANUAL
Wentworth,NSW,ON,0.00981359649122807,Dean Fisher,MANUAL
Wentworth,NSW,GRN,0.08125,Dominic wy Kanak,MANUAL
Wentworth,NSW,UAPP,0.01987938596491228,Natalie Dumer,MANUAL
Wentworth,NSW,LP,0.3946820175438597,Dave Sharma,MANUAL
Werriwa,NSW,UAPP,0.07897448764707464,Tony mark Nikolic,MANUAL
Werriwa,NSW,ALP,0.3594132248438522,Anne maree Stanley,MANUAL
Werriwa,NSW,GRN,0.060684809979120555,Apurva Shukla,MANUAL
Werriwa,NSW,LP,0.2765764877725305,Sam Kayal,MANUAL
Werriwa,NSW,ON,0.04566594678877707,Adam paul Booke,MANUAL
Whitlam,NSW,ALP,0.42807939186250804,Stephen Jones,MANUAL
Whitlam,NSW,ON,0.06560613703967853,Colin Hughes,MANUAL
Whitlam,NSW,LP,0.26831283594551814,Mike Cains,MANUAL
Whitlam,NSW,UAPP,0.05119418303268565,Allan Wode,MANUAL
Whitlam,NSW,GRN,0.1024492493955155,Jamie Dixon,MANUAL
Lingiari,NT,CLP,0.32133686487797974,Damien Ryan,MANUAL
Lingiari,NT,GRN,0.10145777310499605,Blair Mcfarland,MANUAL
Lingiari,NT,UAPP,0.038051719606138415,Allan Mcleod,MANUAL
Lingiari,NT,ALP,0.33860369194686507,Marion Scrymgour,MANUAL
Lingiari,NT,ON,0.04994035463717422,Tim Gallard,MANUAL
Solomon,NT,GRN,0.14288714645757492,Aiya Goodrich carttling,MANUAL
Solomon,NT,ALP,0.38110823298795854,Luke Gosling,MANUAL
Solomon,NT,CLP,0.2410214225707085,Tina Macfarlane,MANUAL
Solomon,NT,ON,0.051596191542985156,Emily Lohse,MANUAL
Solomon,NT,UAPP,0.04599551946233548,Tayla elise Selfe,MANUAL
Blair,QLD,GRN,0.11912353854958711,Danielle Mutton,MANUAL
Blair,QLD,UAPP,0.057713096957639515,Quinton stewart Cunningham,MANUAL
Blair,QLD,ON,0.09465020576131687,Liz Suduk,MANUAL
Blair,QLD,ALP,0.3315255407480083,Shayne Neumann,MANUAL
Blair,QLD,LNP,0.273639840478202,Sam Biggins,MANUAL
Bonner,QLD,LNP,0.436974534859016,Ross Vasta,MANUAL
Bonner,QLD,ON,0.0543397982618549,Amanda Neil,MANUAL
Bonner,QLD,UAPP,0.03214253194524539,Serge Diklich,MANUAL
Bonner,QLD,ALP,0.28825082708592586,Tabatha Young,MANUAL
Bonner,QLD,GRN,0.16333302981556236,Bernard Lakey,MANUAL
Bowman,QLD,ON,0.07471094264682013,Walter Todd,MANUAL
Bowman,QLD,UAPP,0.06302452810372648,Mary-jane Stevens,MANUAL
Bowman,QLD,GRN,0.12642141745514957,Ian Mazlin,MANUAL
Bowman,QLD,LNP,0.41139234463465635,Henry Pike,MANUAL
Bowman,QLD,ALP,0.28351012536162007,Donisha Duff,MANUAL
Brisbane,QLD,UAPP,0.01891818918189182,Justin marc Knudson,MANUAL
Brisbane,QLD,GRN,0.26677166771667715,Stephen Bates,MANUAL
Brisbane,QLD,ALP,0.2668706687066871,Madonna Jarrett,MANUAL
Brisbane,QLD,LNP,0.36929169291692915,Trevor Evans,MANUAL
Brisbane,QLD,ON,0.021861218612186123,Trevor Hold,MANUAL
Capricornia,QLD,ON,0.13700153852551042,Kylee Stanton,MANUAL
Capricornia,QLD,GRN,0.05511663686639777,Mick Jones,MANUAL
Capricornia,QLD,ALP,0.2633165620192108,Russell Robertson,MANUAL
Capricornia,QLD,UAPP,0.036955798577903445,Nathan luke Harding,MANUAL
Capricornia,QLD,LNP,0.37021289866522517,Michelle Landry,MANUAL
Dawson,QLD,LNP,0.41531882287158034,Andrew Willcox,MANUAL
Dawson,QLD,ON,0.1272495702777145,Julie Hall,MANUAL
Dawson,QLD,ALP,0.2345351750988879,Shane Hamilton,MANUAL
Dawson,QLD,UAPP,0.03844720111002962,Christian nigel Young,MANUAL
Dawson,QLD,GRN,0.0691179820655663,Paula Creen,MANUAL
Dickson,QLD,LNP,0.4043387527299199,Peter Dutton,MANUAL
Dickson,QLD,ON,0.05156030089784033,Tamera Gibson,MANUAL
Dickson,QLD,UAPP,0.026372239747634068,Alina karen Ward,MANUAL
Dickson,QLD,ALP,0.3047415675806843,Ali France,MANUAL
Dickson,QLD,GRN,0.12493084202863383,Vinnie Batten,MANUAL
Fadden,QLD,ALP,0.21385855551836136,Letitia Del fabbro,MANUAL
Fadden,QLD,UAPP,0.06345731061874045,Nathan grant O'brien,MANUAL
Fadden,QLD,ON,0.08302648125865142,Sandy Roach,MANUAL
Fadden,QLD,LNP,0.4269390487736472,Stuart Robert,MANUAL
Fadden,QLD,GRN,0.10271326596158543,Sally Spain,MANUAL
Fairfax,QLD,LNP,0.42425153793574844,Ted O'brien,MANUAL
Fairfax,QLD,GRN,0.12633401686033266,Sue Etheridge,MANUAL
Fairfax,QLD,UAPP,0.05588516746411483,Lisa Khoury,MANUAL
Fairfax,QLD,ALP,0.2065345181134655,Sue Ferguson,MANUAL
Fairfax,QLD,ON,0.06195488721804511,Nikki Civitarese,MANUAL
Fisher,QLD,ON,0.09017710490609156,Sam Schriever,MANUAL
Fisher,QLD,ALP,0.22596050846247231,Judene Andrews,MANUAL
Fisher,QLD,LNP,0.42859565807327,Andrew Wallace,MANUAL
Fisher,QLD,GRN,0.13373027208455332,Renay Wells,MANUAL
Fisher,QLD,UAPP,0.06565557380561308,Tony richard Moore,MANUAL
Flynn,QLD,ALP,0.3224320973505725,Matt Burnett,MANUAL
Flynn,QLD,GRN,0.041746976027004785,Paul Bambrick,MANUAL
Flynn,QLD,ON,0.11759374055822386,Sharon Lohse,MANUAL
Flynn,QLD,UAPP,0.06528239375722784,Tanya maree Wieden,MANUAL
Flynn,QLD,LNP,0.3547086463227863,Colin Boyce,MANUAL
Forde,QLD,UAPP,0.0737467486403405,Roxanne O'halloran,MANUAL
Forde,QLD,LNP,0.34405296760463466,Bert Van manen,MANUAL
Forde,QLD,GRN,0.09181642626310396,Jordan Hall,MANUAL
Forde,QLD,ALP,0.26106447544730826,Rowan Holzberger,MANUAL
Forde,QLD,ON,0.07466304090801608,Seschelle Matterson,MANUAL
Griffith,QLD,ON,0.0323011827173923,Shari Ware,MANUAL
Griffith,QLD,GRN,0.3389688326772924,Max Chandler-mather,MANUAL
Griffith,QLD,ALP,0.2836401515500696,Terri Butler,MANUAL
Griffith,QLD,UAPP,0.02379262345707464,Robert gordon Mcmullan,MANUAL
Griffith,QLD,LNP,0.3013025562551277,Olivia Roberts,MANUAL
Groom,QLD,ON,0.09111569837835692,Grant Abraham,MANUAL
Groom,QLD,GRN,0.05573529703658125,Mickey Berry,MANUAL
Groom,QLD,UAPP,0.048847779917032215,Melissa Bannister,MANUAL
Groom,QLD,LNP,0.41653599571266947,Garth Hamilton,MANUAL
Groom,QLD,ALP,0.17848990690935074,Gen Allpass,MANUAL
Herbert,QLD,ALP,0.20358213215356072,John Ring,MANUAL
Herbert,QLD,GRN,0.07743277131032233,Scott Humphreys,MANUAL
Herbert,QLD,LNP,0.44295500417949396,Phillip Thompson,MANUAL
Herbert,QLD,UAPP,0.024292034496116128,Greg ian Dowling,MANUAL
Herbert,QLD,ON,0.04968500886868234,Diane Pepe,MANUAL
Hinkler,QLD,LNP,0.4074897221400841,Keith Pitt,MANUAL
Hinkler,QLD,UAPP,0.07074792296612838,Kristie Nash,MANUAL
Hinkler,QLD,ON,0.084292759235766,Zak Menhennett,MANUAL
Hinkler,QLD,ALP,0.22543567633564485,Jason Scanes,MANUAL
Hinkler,QLD,GRN,0.053053788261777805,Andrew Mclean,MANUAL
Kennedy,QLD,LNP,0.27266339447171273,Bryce Macdonald,MANUAL
Kennedy,QLD,GRN,0.06213381555153707,Jennifer Cox,MANUAL
Kennedy,QLD,ALP,0.15533970550245416,Jason Brandon,MANUAL
Kennedy,QLD,UAPP,0.04292430896409197,Peter Campion,MANUAL
Leichhardt,QLD,LNP,0.3419154254130174,Warren Entsch,MANUAL
Leichhardt,QLD,GRN,0.09289589725874296,Phillip Musumeci,MANUAL
Leichhardt,QLD,UAPP,0.03650606571701449,Daniel lucas Hannagan,MANUAL
Leichhardt,QLD,ON,0.0693137713112922,Geena Court,MANUAL
Leichhardt,QLD,ALP,0.25717827315031194,Elida Faith,MANUAL
Lilley,QLD,UAPP,0.03262674803699008,Gerardine louise Hoogland,MANUAL
Lilley,QLD,GRN,0.16623917764871213,Melissa Stevens,MANUAL
Lilley,QLD,LNP,0.29020116552178227,Vivian Lobo,MANUAL
Lilley,QLD,ALP,0.40708747309767385,Anika Wells,MANUAL
Lilley,QLD,ON,0.0395746729954696,Michelle Wilde,MANUAL
Longman,QLD,ALP,0.2992386277716235,Rebecca Fanning,MANUAL
Longman,QLD,UAPP,0.05230257952207628,Stefanie alexis Sutherland,MANUAL
Longman,QLD,GRN,0.06869933709623534,Earl Snijders,MANUAL
Longman,QLD,ON,0.0783967224068506,Ross Taylor,MANUAL
Longman,QLD,LNP,0.36268924407870445,Terry Young,MANUAL
Maranoa,QLD,LNP,0.5436693686493892,David Littleproud,MANUAL
Maranoa,QLD,ALP,0.14775451743142118,Dave Kerrigan,MANUAL
Maranoa,QLD,UAPP,0.06437015433476216,Nathan john Mcdonald,MANUAL
Maranoa,QLD,GRN,0.047047711963798276,Ellisa Parker,MANUAL
Maranoa,QLD,ON,0.11489480949464966,Mike Kelly,MANUAL
McPherson,QLD,LNP,0.41197100771568856,Karen Andrews,MANUAL
McPherson,QLD,ON,0.0683208635336295,Kevin Hargraves,MANUAL
McPherson,QLD,GRN,0.14584794637986126,Scott Turner,MANUAL
McPherson,QLD,UAPP,0.0632257813108877,Joshua lawrence Berrigan,MANUAL
McPherson,QLD,ALP,0.2080313303717559,Carl Ungerer,MANUAL
Moncrieff,QLD,LNP,0.43286819324747117,Angie Bell,MANUAL
Moncrieff,QLD,ON,0.0669974471678919,Leeanne Schultz,MANUAL
Moncrieff,QLD,GRN,0.11372579128198237,April Broadbent,MANUAL
Moncrieff,QLD,ALP,0.19606902243805063,Glen Palmer,MANUAL
Moncrieff,QLD,UAPP,0.052611374498550835,Diane olga Happ,MANUAL
Moreton,QLD,ON,0.03534318824135069,Neil Swann,MANUAL
Moreton,QLD,ALP,0.3638646368497914,Graham Perrett,MANUAL
Moreton,QLD,GRN,0.2022462466248516,Claire Garton,MANUAL
Moreton,QLD,LNP,0.32335234973366533,Steven Huang,MANUAL
Moreton,QLD,UAPP,0.03219129868356079,Chelsea Follett,MANUAL
Oxley,QLD,UAPP,0.05130613976604643,Timothy Coombes,MANUAL
Oxley,QLD,GRN,0.13733155544780493,Asha Worsteling,MANUAL
Oxley,QLD,LNP,0.27663292724811606,Kyle Mcmillen,MANUAL
Oxley,QLD,ON,0.05624583308079278,Dylan Kozlowski,MANUAL
Oxley,QLD,ALP,0.4422995333050488,Milton Dick,MANUAL
Petrie,QLD,UAPP,0.05355622769999819,Kelly anne Guenoun,MANUAL
Petrie,QLD,GRN,0.11020049625993879,Will Simon,MANUAL
Petrie,QLD,ON,0.05083042037201384,Marcus Mitchell,MANUAL
Petrie,QLD,ALP,0.28953326209407204,Mick Denton,MANUAL
Petrie,QLD,LNP,0.41951170919892056,Luke Howarth,MANUAL
Rankin,QLD,LNP,0.27882900136798905,Paul Darwen,MANUAL
Rankin,QLD,GRN,0.10280711354309166,Neil Cotter,MANUAL
Rankin,QLD,UAPP,0.055419972640218876,Jeff Crank,MANUAL
Rankin,QLD,ON,0.07667305061559508,Glen Cookson,MANUAL
Rankin,QLD,ALP,0.42239124487004104,Jim Chalmers,MANUAL
Ryan,QLD,UAPP,0.02012571250097603,Kathryn Pollard,MANUAL
Ryan,QLD,ON,0.02183376278597642,Joel Love,MANUAL
Ryan,QLD,GRN,0.2928379011478098,Elizabeth Watson-brown,MANUAL
Ryan,QLD,ALP,0.2161513234949637,Peter Cossar,MANUAL
Ryan,QLD,LNP,0.37322362770359957,Julian Simmonds,MANUAL
Wide Bay,QLD,ON,0.09548067897371715,Nathan Buckley,MANUAL
Wide Bay,QLD,UAPP,0.04308119524405507,Tracy Bennett,MANUAL
Wide Bay,QLD,GRN,0.08886107634543179,Craig Armstrong,MANUAL
Wide Bay,QLD,LNP,0.4067682259073842,Llew O'brien,MANUAL
Wide Bay,QLD,ALP,0.19893030350438048,Geoff Williams,MANUAL
Wright,QLD,LNP,0.41720314409206133,Scott Buchholz,MANUAL
Wright,QLD,UAPP,0.07935914504039539,Cassandra deanne Duffill,MANUAL
Wright,QLD,ON,0.13764521364871518,Keith Hicks,MANUAL
Wright,QLD,ALP,0.20647237977130561,Pam Mccreadie,MANUAL
Wright,QLD,GRN,0.11039884740940674,Nicole Thompson,MANUAL
Adelaide,SA,LP,0.30784457603112575,Amy Grantham,MANUAL
Adelaide,SA,ALP,0.38468626815242063,Steve Georganas,MANUAL
Adelaide,SA,UAPP,0.026066108086892716,Sean Allwood,MANUAL
Adelaide,SA,GRN,0.19339260422177096,Rebecca Galdies,MANUAL
Adelaide,SA,ON,0.02880496919847784,Gayle Allwood,MANUAL
Barker,SA,NP,0.02225876807260703,Jonathan Pietzsch,MANUAL
Barker,SA,ON,0.061191824673725685,Carlos Quaremba,MANUAL
Barker,SA,GRN,0.06895732929960953,Rosa Hillam,MANUAL
Barker,SA,LP,0.49539170506912444,Tony Pasin,MANUAL
Barker,SA,UAPP,0.03713019312625321,David Swiggs,MANUAL
Barker,SA,ALP,0.19395293207162204,Mark Braes,MANUAL
Boothby,SA,GRN,0.14525698342801438,Jeremy Carter,MANUAL
Boothby,SA,UAPP,0.021177182426300043,Graeme Clark,MANUAL
Boothby,SA,LP,0.36300379844700664,Rachel Swift,MANUAL
Boothby,SA,ALP,0.30880029580826246,Louise Miller-frost,MANUAL
Boothby,SA,ON,0.019496453662307976,Bob Couch,MANUAL
Grey,SA,GRN,0.06312730161022456,Tim White,MANUAL
Grey,SA,UAPP,0.05217885767925482,Suzanne Waters,MANUAL
Grey,SA,ALP,0.1991840566105856,Julie Watson,MANUAL
Grey,SA,ON,0.05823525164271789,Kerry ann White,MANUAL
Grey,SA,LP,0.4217813560545888,Rowan Ramsey,MANUAL
Hindmarsh,SA,GRN,0.1308222748207709,Patrick O'sullivan,MANUAL
Hindmarsh,SA,LP,0.3082312930982919,Anna Finizio,MANUAL
Hindmarsh,SA,ON,0.0370933700193969,Walter Johnson,MANUAL
Hindmarsh,SA,ALP,0.3977390219518239,Mark Butler,MANUAL
Hindmarsh,SA,UAPP,0.033290893710106045,George Melissourgos,MANUAL
Kingston,SA,ON,0.04672905416102306,Robert Godfrey-brown,MANUAL
Kingston,SA,UAPP,0.03800418652922655,Russell Jackson,MANUAL
Kingston,SA,ALP,0.4732712976481556,Amanda Rishworth,MANUAL
Kingston,SA,GRN,0.1196415064469032,John Photakis,MANUAL
Kingston,SA,LP,0.24866752273566817,Kathleen Bourne,MANUAL
Makin,SA,ALP,0.44391303960598855,Tony Zappia,MANUAL
Makin,SA,UAPP,0.04130707777807465,Kimberley Drozdoff,MANUAL
Makin,SA,ON,0.045395035669436506,Rajan Vaid,MANUAL
Makin,SA,LP,0.3013866994415796,Alan Howard-jones,MANUAL
Makin,SA,GRN,0.10969798986471442,Emma Mustaca,MANUAL
Mayo,SA,ALP,0.17199934635182612,Marisa Bell,MANUAL
Mayo,SA,GRN,0.11197810278617534,Greg Elliott,MANUAL
Mayo,SA,LP,0.25664678486804476,Allison Bluck,MANUAL
Mayo,SA,UAPP,0.03340959228695155,Samantha Mcgrail,MANUAL
Mayo,SA,ON,0.03901462537789035,Tonya Scott,MANUAL
Spence,SA,UAPP,0.06404738683440556,Alvin eric Warren,MANUAL
Spence,SA,ALP,0.4169254033160047,Matt Burnell,MANUAL
Spence,SA,GRN,0.1078372598670377,David Deex,MANUAL
Spence,SA,LP,0.24295595064467926,Shawn Lock,MANUAL
Spence,SA,ON,0.1031844740115067,Linda Champion,MANUAL
Sturt,SA,GRN,0.1548791029869661,Katie Mccusker,MANUAL
Sturt,SA,ALP,0.28978355196347494,Sonja Baram,MANUAL
Sturt,SA,ON,0.02428011514800547,Alexander Allwood,MANUAL
Sturt,SA,UAPP,0.02524527700145194,Stephen Grant,MANUAL
Sturt,SA,LP,0.407709545031095,James Stevens,MANUAL
Bass,TAS,GRN,0.10439718645880465,Cecily Rosol,MANUAL
Bass,TAS,LP,0.37372657096239015,Bridget kathleen Archer,MANUAL
Bass,TAS,UAPP,0.015630784418575953,Kyle Squibb,MANUAL
Bass,TAS,ON,0.044287222519298536,Melanie Davy,MANUAL
Bass,TAS,ALP,0.2691511387163561,Ross Hart,MANUAL
Braddon,TAS,ON,0.040088416867217744,Ludo Mineur,MANUAL
Braddon,TAS,GRN,0.06206183948937951,Darren Briggs,MANUAL
Braddon,TAS,LP,0.40731924244009626,Gavin Pearce,MANUAL
Braddon,TAS,ALP,0.20777963796170346,Chris Lynch,MANUAL
Braddon,TAS,UAPP,0.013079418227477243,Darren scott Bobbermien,MANUAL
Clark,TAS,ON,0.024920805603185214,Michelle Cameron,MANUAL
Clark,TAS,ALP,0.17966229765468336,Simon Davis,MANUAL
Clark,TAS,LP,0.15171902699875034,Will Coats,MANUAL
Clark,TAS,GRN,0.12875991746345433,Janet Shelley,MANUAL
Clark,TAS,UAPP,0.013673748147287047,Sandra Galloway,MANUAL
Franklin,TAS,ALP,0.34883596824761526,Julie Collins,MANUAL
Franklin,TAS,ON,0.02712294043092522,Steve Hindley,MANUAL
Franklin,TAS,UAPP,0.018411046627976786,Lisa Matthews,MANUAL
Franklin,TAS,LP,0.2541258088186245,Kristy maree Johnson,MANUAL
Franklin,TAS,GRN,0.16503235274498032,Jade Darko,MANUAL
Lyons,TAS,LP,0.34874153570972277,Susie Bower,MANUAL
Lyons,TAS,ALP,0.2720710361568928,Brian Mitchell,MANUAL
Lyons,TAS,UAPP,0.025245943528810526,Jason Evans,MANUAL
Lyons,TAS,ON,0.050172479877347645,Emma jane Goyne,MANUAL
Lyons,TAS,GRN,0.10709083940206976,Liz Johnstone,MANUAL
Aston,VIC,UAPP,0.059026409144659044,Rebekah jane Spelman,MANUAL
Aston,VIC,LP,0.41643673630271977,Alan Tudge,MANUAL
Aston,VIC,GRN,0.1168210484824596,Asher Cookson,MANUAL
Aston,VIC,ON,0.02977926685061096,Craig Ibbotson,MANUAL
Aston,VIC,ALP,0.3148305084745763,Mary Doyle,MANUAL
Ballarat,VIC,GRN,0.138531035636607,John Barnes,MANUAL
Ballarat,VIC,LP,0.25728035902331486,Ben Green,MANUAL
Ballarat,VIC,UAPP,0.036345205641232566,Terri elizabeth Pryse-smith,MANUAL
Ballarat,VIC,ON,0.0342095680500743,Rosalie Taxis,MANUAL
Ballarat,VIC,ALP,0.4248737808658682,Catherine King,MANUAL
Bendigo,VIC,ALP,0.4141564374221338,Lisa Chesters,MANUAL
Bendigo,VIC,LP,0.25666631254647826,Darin Schade,MANUAL
Bendigo,VIC,GRN,0.13546062988323693,Cate Sinclair,MANUAL
Bendigo,VIC,ON,0.053195290845349276,Ben Mihail,MANUAL
Bendigo,VIC,UAPP,0.03456534966149329,Elijah Suares,MANUAL
Bruce,VIC,UAPP,0.08331409181716878,Matt Babet,MANUAL
Bruce,VIC,ON,0.04561745188784371,Hayley Deans,MANUAL
Bruce,VIC,ALP,0.39670317535211974,Julian Hill,MANUAL
Bruce,VIC,LP,0.2894961399845399,James Moody,MANUAL
Bruce,VIC,GRN,0.09309212837939584,Matthew Kirwan,MANUAL
Calwell,VIC,ON,0.06566430405978901,Mark Preston,MANUAL
Calwell,VIC,LP,0.22168454237811264,Tim Staker-gunn,MANUAL
Calwell,VIC,GRN,0.09123777819420407,Natalie Abboud,MANUAL
Calwell,VIC,ALP,0.4202757966908806,Maria Vamvakinou,MANUAL
Calwell,VIC,UAPP,0.08353266680629196,Joshua Naim,MANUAL
Casey,VIC,GRN,0.12132902995116351,Jenny Game,MANUAL
Casey,VIC,LP,0.3420153754951869,Aaron Violi,MANUAL
Casey,VIC,ALP,0.2331636445757624,Bill Brindle,MANUAL
Casey,VIC,ON,0.03067571255163588,Paul Murphy,MANUAL
Casey,VIC,UAPP,0.045486624071965596,Anthony sebastian Bellve,MANUAL
Chisholm,VIC,LP,0.3459484009834026,Gladys Liu,MANUAL
Chisholm,VIC,ON,0.013595837323881083,Aaron Tyrrell,MANUAL
Chisholm,VIC,GRN,0.1197658001007099,Sarah Newman,MANUAL
Chisholm,VIC,UAPP,0.022659728873135138,Melanie merle Kempson,MANUAL
Chisholm,VIC,ALP,0.38202624381670797,Carina Garland,MANUAL
Cooper,VIC,GRN,0.2619307795218497,Celeste Liddle,MANUAL
Cooper,VIC,LP,0.1565477588619165,Jadon Atkinson,MANUAL
Cooper,VIC,UAPP,0.04258621922201003,Adam La rosa,MANUAL
Cooper,VIC,ON,0.02866655092474392,William tristan Turner,MANUAL
Cooper,VIC,ALP,0.3957761006546227,Ged Kearney,MANUAL
Corangamite,VIC,GRN,0.1461044214935034,Alex Marshall,MANUAL
Corangamite,VIC,ALP,0.36716957784017895,Libby Coker,MANUAL
Corangamite,VIC,LP,0.32804721336442816,Stephanie Asher,MANUAL
Corangamite,VIC,ON,0.02425396221027081,Luke Sorensen,MANUAL
Corangamite,VIC,UAPP,0.03077435628956261,Daniel william Abou-zeid,MANUAL
Corio,VIC,LP,0.2328982744292907,Manish Patel,MANUAL
Corio,VIC,GRN,0.1412719362565381,Simon Northeast,MANUAL
Corio,VIC,ON,0.037033778168841965,Robert Jones,MANUAL
Corio,VIC,UAPP,0.046741946521972916,Shane Murdock,MANUAL
Corio,VIC,ALP,0.3993351908882045,Richard Marles,MANUAL
Deakin,VIC,ALP,0.3137322329206786,Matt Gregg,MANUAL
Deakin,VIC,GRN,0.13281369402414794,Rob Humphreys,MANUAL
Deakin,VIC,LP,0.3976195934586581,Michael Sukkar,MANUAL
Deakin,VIC,UAPP,0.027090019868561823,Bianca joy Gidley,MANUAL
Deakin,VIC,ON,0.022027357481277703,Natasha Coughlan,MANUAL
Dunkley,VIC,ALP,0.38325105502030415,Peta Murphy,MANUAL
Dunkley,VIC,GRN,0.09851500915677999,Liam O'brien,MANUAL
Dunkley,VIC,LP,0.30961860020702286,Sharn Coombes,MANUAL
Dunkley,VIC,ON,0.026763675451867187,Scott Middlebrook,MANUAL
Dunkley,VIC,UAPP,0.04823234333943786,Adrian kain Irvine,MANUAL
Flinders,VIC,UAPP,0.042757842602950596,Alex Van der end,MANUAL
Flinders,VIC,ON,0.032250045415865916,Cyndi Marr,MANUAL
Flinders,VIC,LP,0.4112573980055264,Zoe Mckenzie,MANUAL
Flinders,VIC,GRN,0.0888525561961583,Colin Lane,MANUAL
Flinders,VIC,ALP,0.20544225492164567,Surbhi Snowball,MANUAL
Fraser,VIC,LP,0.235888707852925,David Wood,MANUAL
Fraser,VIC,ALP,0.4019551884100084,Daniel Mulino,MANUAL
Fraser,VIC,GRN,0.17723305555267282,Bella Mitchell-sears,MANUAL
Fraser,VIC,UAPP,0.04242468269699769,Keith james aaron Raymond,MANUAL
Fraser,VIC,ON,0.02796832677798649,Sabine De pyle,MANUAL
Gellibrand,VIC,GRN,0.15724367042898707,Suzette Rodoreda,MANUAL
Gellibrand,VIC,LP,0.2565771825929059,Monica Clark,MANUAL
Gellibrand,VIC,UAPP,0.052411117759940576,Abraham Isac,MANUAL
Gellibrand,VIC,ON,0.028908651961290055,Rob Braddock,MANUAL
Gellibrand,VIC,ALP,0.40630996842952355,Tim Watts,MANUAL
Gippsland,VIC,ON,0.09081641485299917,Greg Hansford,MANUAL
Gippsland,VIC,NP,0.5254426374556401,Darren Chester,MANUAL
Gippsland,VIC,UAPP,0.04417238096154031,Gregory emil Forster,MANUAL
Gippsland,VIC,GRN,0.0821800555881476,Marjorie Thorpe,MANUAL
Gippsland,VIC,ALP,0.18661460487213763,Jannette Langley,MANUAL
Goldstein,VIC,GRN,0.0756394352885581,Alana Galli-mcrostie,MANUAL
Goldstein,VIC,ON,0.0121980034260736,Lisa Stark,MANUAL
Goldstein,VIC,UAPP,0.018114871916041508,Catherine frances Reynolds,MANUAL
Goldstein,VIC,LP,0.38993246303187823,Tim Wilson,MANUAL
Goldstein,VIC,ALP,0.106316577076811,Martyn Abbott,MANUAL
Gorton,VIC,ON,0.06751203239452187,Daniel Connor,MANUAL
Gorton,VIC,GRN,0.0836490057574631,Praise Morris,MANUAL
Gorton,VIC,UAPP,0.07115943048340585,Michael Virag,MANUAL
Gorton,VIC,ALP,0.383609818835847,Brendan O'connor,MANUAL
Gorton,VIC,LP,0.2547149905047075,John Fletcher,MANUAL
Hawke,VIC,ALP,0.3373402585362256,Sam Rae,MANUAL
Hawke,VIC,LP,0.24189045396601314,Enamul Haque,MANUAL
Hawke,VIC,GRN,0.08201729896016603,Lynda Wheelock,MANUAL
Hawke,VIC,ON,0.05132797437815401,Nick Suduk,MANUAL
Hawke,VIC,UAPP,0.06459191521191752,Andrew glenn Cuthbertson,MANUAL
Higgins,VIC,UAPP,0.019504502212952128,Ingram magnus Spencer,MANUAL
Higgins,VIC,LP,0.3953706058910312,Katie Allen,MANUAL
Higgins,VIC,ALP,0.2766139288802971,Michelle Ananda-rajah,MANUAL
Higgins,VIC,GRN,0.2200946227806888,Sonya Semmens,MANUAL
Holt,VIC,ALP,0.3818845074272258,Cassandra Fernando,MANUAL
Holt,VIC,UAPP,0.09032515795338666,Gerardine Hansen,MANUAL
Holt,VIC,ON,0.04515206627208982,Sandy Ambard,MANUAL
Holt,VIC,GRN,0.0797178390084417,Sujit Mathew,MANUAL
Holt,VIC,LP,0.27621080075270965,Ranj Perera,MANUAL
Hotham,VIC,ALP,0.4537010299355087,Clare O'neil,MANUAL
Hotham,VIC,GRN,0.11943401674848397,Louisa Willoughby,MANUAL
Hotham,VIC,UAPP,0.05649244393108095,Bruce scott Ridgway,MANUAL
Hotham,VIC,ON,0.028164404658773703,Roger Tull,MANUAL
Hotham,VIC,LP,0.24326691693136973,Savitri Bevinakoppa,MANUAL
Indi,VIC,UAPP,0.023807751014481963,Stephen Williams,MANUAL
Indi,VIC,ON,0.04994229552138789,Beth Stevens,MANUAL
Indi,VIC,GRN,0.03374781281411712,Benjamin Gilbert,MANUAL
Indi,VIC,NP,0.035869848479207773,Liz Fisher,MANUAL
Indi,VIC,ALP,0.08118647853765683,Nadia David,MANUAL
Indi,VIC,LP,0.2884758571907226,Ross Lyman,MANUAL
Isaacs,VIC,ON,0.030817399523462578,Boris Sokiransky,MANUAL
Isaacs,VIC,ALP,0.3862316129413386,Mark Dreyfus,MANUAL
Isaacs,VIC,LP,0.30823307012189116,Robbie Beaton,MANUAL
Isaacs,VIC,GRN,0.12426402536281826,Alex Breskin,MANUAL
Isaacs,VIC,UAPP,0.04780142961227182,Scott anson Mccamish,MANUAL
Jagajaga,VIC,ALP,0.3934781369363206,Kate Thwaites,MANUAL
Jagajaga,VIC,UAPP,0.03318890979229614,Allison Zelinka,MANUAL
Jagajaga,VIC,GRN,0.16014860422248828,Liz Chase,MANUAL
Jagajaga,VIC,ON,0.02160652186306368,John Booker,MANUAL
Jagajaga,VIC,LP,0.28062824240351175,Sahil Tomar,MANUAL
Kooyong,VIC,UAPP,0.009577219290850014,Scott andrew Hardiman,MANUAL
Kooyong,VIC,ON,0.007019504940177904,Josh Coyne,MANUAL
Kooyong,VIC,LP,0.4143118327444275,Josh Frydenberg,MANUAL
Kooyong,VIC,ALP,0.06717315726154051,Peter Lynch,MANUAL
Kooyong,VIC,GRN,0.06120515710997224,Piers Mitchem,MANUAL
La Trobe,VIC,LP,0.43456918516977794,Jason Wood,MANUAL
La Trobe,VIC,ON,0.04737143154282149,Hadden Ervin,MANUAL
La Trobe,VIC,GRN,0.10379075451094587,Michael Schilling,MANUAL
La Trobe,VIC,UAPP,0.06429202849565806,Merryn Mott,MANUAL
La Trobe,VIC,ALP,0.24874421506941916,Abhimanyu Kumar,MANUAL
Lalor,VIC,UAPP,0.0672507796423192,Juanita coral Paterson,MANUAL
Lalor,VIC,ALP,0.4141863079958419,Joanne Ryan,MANUAL
Lalor,VIC,ON,0.03700914356026052,James Ingarfill,MANUAL
Lalor,VIC,GRN,0.09750302310287036,Jack Boddeke,MANUAL
Lalor,VIC,LP,0.2342427392494219,Ravi Gaddipati,MANUAL
Macnamara,VIC,LP,0.28002865061816823,Colleen Harkin,MANUAL
Macnamara,VIC,ALP,0.30676922757518194,Josh Burns,MANUAL
Macnamara,VIC,ON,0.014003508662659732,Debera Anne,MANUAL
Macnamara,VIC,GRN,0.2863712331184537,Steph Hodgins-may,MANUAL
Macnamara,VIC,UAPP,0.02140491835611888,Jane elizabeth Hickey,MANUAL
Mallee,VIC,NP,0.463227557180041,Anne Webster,MANUAL
Mallee,VIC,ALP,0.15813811818131474,Carole Hart,MANUAL
Mallee,VIC,GRN,0.050423658415019106,Sam Mccoll,MANUAL
Mallee,VIC,UAPP,0.0855716158091968,Stuart william King,MANUAL
Mallee,VIC,ON,0.06369644274611877,Vanessa Atkinson,MANUAL
Maribyrnong,VIC,ALP,0.40240683622389645,Bill Shorten,MANUAL
Maribyrnong,VIC,ON,0.02252111038074531,Jodie Tindal,MANUAL
Maribyrnong,VIC,UAPP,0.034717095616119735,Darren Besanko,MANUAL
Maribyrnong,VIC,LP,0.25780452040248775,Mira D'silva,MANUAL
Maribyrnong,VIC,GRN,0.15450270516256256,Rhonda Pryor,MANUAL
McEwen,VIC,GRN,0.13573270973634294,Neil Barker,MANUAL
McEwen,VIC,UAPP,0.0549394301313769,Paul joseph Mcrae,MANUAL
McEwen,VIC,ON,0.05406626052570832,Chris Bradbury,MANUAL
McEwen,VIC,LP,0.31911839979124224,Richard Welch,MANUAL
McEwen,VIC,ALP,0.35366379959252087,Rob Mitchell,MANUAL
Melbourne,VIC,UAPP,0.017176052020623323,Justin Borg,MANUAL
Melbourne,VIC,ALP,0.24276625895737647,Keir Paterson,MANUAL
Melbourne,VIC,GRN,0.4812410174976633,Adam Bandt,MANUAL
Melbourne,VIC,LP,0.1473381642026553,James Damches,MANUAL
Melbourne,VIC,ON,0.00941718007216153,Walter Stragan,MANUAL
Menzies,VIC,ALP,0.32225458447506083,Naomi Oakley,MANUAL
Menzies,VIC,ON,0.022151110429800527,John Hayes,MANUAL
Menzies,VIC,LP,0.40743863414260256,Keith Wolahan,MANUAL
Menzies,VIC,GRN,0.13690191043746527,Bill Pheasant,MANUAL
Menzies,VIC,UAPP,0.03490332841512254,Nathan Scaglione,MANUAL
Monash,VIC,GRN,0.09395450603169597,Mat Morgan,MANUAL
Monash,VIC,LP,0.36018686430655206,Russell Broadbent,MANUAL
Monash,VIC,ON,0.07183828747141843,Allan Hicken,MANUAL
Monash,VIC,ALP,0.24401758259086967,Jessica O'donnell,MANUAL
Monash,VIC,UAPP,0.03933414807222266,Christine ann Mcshane,MANUAL
Nicholls,VIC,NP,0.24079342041606192,Sam Birrell,MANUAL
Nicholls,VIC,ON,0.06017416545718433,Rikkie-lee Tyrrell,MANUAL
Nicholls,VIC,ALP,0.1061441702951137,Bill Lodwick,MANUAL
Nicholls,VIC,UAPP,0.03697145621673924,Robert Peterson,MANUAL
Nicholls,VIC,GRN,0.029588776003870342,Ian Christoe,MANUAL
Nicholls,VIC,LP,0.1662989840348331,Steve Brooks,MANUAL
Scullin,VIC,GRN,0.10301606359195165,Patchouli Paterson,MANUAL
Scullin,VIC,ON,0.06113894179017968,Ursula Van bree,MANUAL
Scullin,VIC,ALP,0.43623209406309515,Andrew Giles,MANUAL
Scullin,VIC,UAPP,0.07704727995363087,Yassin Albarri,MANUAL
Scullin,VIC,LP,0.20472799536308686,Virosh Perera,MANUAL
Wannon,VIC,LP,0.4212400659769081,Dan Tehan,MANUAL
Wannon,VIC,ON,0.030692382666066876,Ronnie Graham,MANUAL
Wannon,VIC,GRN,0.06039136302294197,Hilary Mcallister,MANUAL
Wannon,VIC,UAPP,0.031001649422702053,Craige Kensen,MANUAL
Wannon,VIC,ALP,0.18090230919178288,Gilbert Wilson,MANUAL
Wills,VIC,LP,0.16419060310453604,Tom Wright,MANUAL
Wills,VIC,ON,0.026589487054022257,Jill Tindal,MANUAL
Wills,VIC,UAPP,0.034897400393532736,Irene Zivkovic,MANUAL
Wills,VIC,ALP,0.3690566666319636,Peter Khalil,MANUAL
Wills,VIC,GRN,0.26852883304009245,Sarah Jefford,MANUAL
Brand,WA,ALP,0.4698235386180452,Madeleine King,MANUAL
Brand,WA,LP,0.2059629078957665,Peter Hudson,MANUAL
Brand,WA,UAPP,0.02651811565850223,David Pike,MANUAL
Brand,WA,GRN,0.10662023632522107,Heather Lonsdale,MANUAL
Brand,WA,ON,0.05026801784177166,Jake Taylor,MANUAL
Burt,WA,ON,0.04562612496785806,Travis Carter,MANUAL
Burt,WA,UAPP,0.023389046027256364,Joshua Mccurry,MANUAL
Burt,WA,GRN,0.09260992543070198,Daniel Garlett,MANUAL
Burt,WA,LP,0.2160863975314991,David Goode,MANUAL
Burt,WA,ALP,0.48617125224993574,Matt Keogh,MANUAL
Canning,WA,LP,0.40957330741306464,Andrew Hastie,MANUAL
Canning,WA,ALP,0.3064509730019242,Amanda Hunt,MANUAL
Canning,WA,ON,0.041806351788300174,Tammi Siwes,MANUAL
Canning,WA,UAPP,0.024181230287040528,James gordon Waldeck,MANUAL
Canning,WA,GRN,0.07596556307155185,Jodie Moffat,MANUAL
Cowan,WA,ALP,0.43363070096451084,Anne Aly,MANUAL
Cowan,WA,GRN,0.09124328137909267,Isabella Tripp,MANUAL
Cowan,WA,ON,0.026354631787083537,Tyler Walsh,MANUAL
Cowan,WA,UAPP,0.022492875244840935,Claire elizabeth Hand,MANUAL
Cowan,WA,LP,0.2815369048392637,Vince Connelly,MANUAL
Curtin,WA,UAPP,0.016861913107646898,Ladeisha louise Verhoeff,MANUAL
Curtin,WA,LP,0.40040586661747074,Celia Hammond,MANUAL
Curtin,WA,ON,0.012083756111059865,Dale marie Grillo,MANUAL
Curtin,WA,ALP,0.13517203210035975,Yannick Spencer,MANUAL
Curtin,WA,GRN,0.10044276358269533,Cameron Pidgeon,MANUAL
Durack,WA,LP,0.32102943326857597,Melissa Price,MANUAL
Durack,WA,ALP,0.27253451985544486,Jeremiah Riley,MANUAL
Durack,WA,ON,0.06448580560255687,Brenton Johannsen,MANUAL
Durack,WA,NP,0.09567378997723047,Ian Blayney,MANUAL
Durack,WA,GRN,0.08833113993858495,Bianca Mcneair,MANUAL
Durack,WA,UAPP,0.023281318543585887,Andrew charles Middleton,MANUAL
Forrest,WA,UAPP,0.024181651449304255,Helen Allan,MANUAL
Forrest,WA,GRN,0.1273872652605558,Christine Terrantroy,MANUAL
Forrest,WA,ALP,0.26007734938798294,Bronwen English,MANUAL
Forrest,WA,ON,0.05003787727762051,Shane Mezger,MANUAL
Forrest,WA,LP,0.40873569634384593,Nola Marino,MANUAL
Fremantle,WA,ALP,0.4142181825169584,Josh Wilson,MANUAL
Fremantle,WA,UAPP,0.019216356963046945,Stella Jinman,MANUAL
Fremantle,WA,LP,0.22818463075770096,Bill Koul,MANUAL
Fremantle,WA,GRN,0.17092949518630257,Felicity Townsend,MANUAL
Fremantle,WA,ON,0.029401026153461827,William Edgar,MANUAL
Hasluck,WA,GRN,0.10380171628553622,Brendan Sturcke,MANUAL
Hasluck,WA,UAPP,0.02850568100100676,Will Scott,MANUAL
Hasluck,WA,ON,0.03627211275708327,Ian Monck,MANUAL
Hasluck,WA,LP,0.315345893858766,Ken Wyatt,MANUAL
Hasluck,WA,ALP,0.3753200057529124,Tania Lawrence,MANUAL
Moore,WA,ALP,0.3137903846859071,Tom French,MANUAL
Moore,WA,GRN,0.13662033811287544,Mark Cooper,MANUAL
Moore,WA,LP,0.40069309472294545,Ian Goodenough,MANUAL
Moore,WA,ON,0.03246360335912575,Brian Brightman,MANUAL
Moore,WA,UAPP,0.021471267739924457,Helen Watkinson,MANUAL
O'Connor,WA,ON,0.06658286560648581,Stan Kustrin,MANUAL
O'Connor,WA,ALP,0.2509549423136888,Shaneane Weldon,MANUAL
O'Connor,WA,GRN,0.10021047708138447,Giz Watson,MANUAL
O'Connor,WA,UAPP,0.016779700654817587,Tracy anne Tirronen,MANUAL
O'Connor,WA,LP,0.42187987215466166,Rick Wilson,MANUAL
Pearce,WA,GRN,0.10290253107032069,Donna Nelson,MANUAL
Pearce,WA,ALP,0.40105905830748256,Tracey Roberts,MANUAL
Pearce,WA,UAPP,0.025034083499634468,Trevor richard Dalby,MANUAL
Pearce,WA,ON,0.042431487226097096,Aaron Malloy,MANUAL
Pearce,WA,LP,0.2803738317757009,Linda Aitken,MANUAL
Perth,WA,ON,0.025428040218668197,Cameron Bailey,MANUAL
Perth,WA,ALP,0.37060744248859945,Patrick Gorman,MANUAL
Perth,WA,UAPP,0.014846127519447964,Sonya michelle Eberhart,MANUAL
Perth,WA,GRN,0.20924252374917907,Caroline Perks,MANUAL
Perth,WA,LP,0.25246741714380855,David Dwyer,MANUAL
Swan,WA,UAPP,0.024976084712211476,Paul Hilton,MANUAL
Swan,WA,ALP,0.3701612979608073,Zaneta Mascarenhas,MANUAL
Swan,WA,ON,0.024095244409505497,Peter Hallifax,MANUAL
Swan,WA,LP,0.30399408984571086,Kristy Mcsweeney,MANUAL
Swan,WA,GRN,0.14075449181197375,Clint Uink,MANUAL
Tangney,WA,ON,0.020461638898577165,Tshung-hui Chang,MANUAL
Tangney,WA,UAPP,0.01539094429390354,Travis llewellyn Mark,MANUAL
Tangney,WA,ALP,0.36612740231982044,Sam Lim,MANUAL
Tangney,WA,LP,0.38462157593968826,Ben Morton,MANUAL
Tangney,WA,GRN,0.11515037694846135,Adam Abdul razak,MANUAL
